[{"model": "admin.logentry", "pk": 1, "fields": {"action_time": "2023-06-30T09:44:33.377Z", "user": 1, "content_type": 4, "object_id": "2", "object_repr": "rakib", "action_flag": 1, "change_message": "[{\"added\": {}}]"}}, {"model": "admin.logentry", "pk": 2, "fields": {"action_time": "2023-06-30T09:44:51.328Z", "user": 1, "content_type": 4, "object_id": "2", "object_repr": "rakib", "action_flag": 2, "change_message": "[{\"changed\": {\"fields\": [\"First name\", \"Last name\", \"Email address\"]}}]"}}, {"model": "admin.logentry", "pk": 3, "fields": {"action_time": "2023-06-30T09:46:00.377Z", "user": 1, "content_type": 9, "object_id": "1", "object_repr": "Author object (1)", "action_flag": 1, "change_message": "[{\"added\": {}}]"}}, {"model": "admin.logentry", "pk": 4, "fields": {"action_time": "2023-06-30T16:02:03.117Z", "user": 1, "content_type": 4, "object_id": "6", "object_repr": "monju", "action_flag": 1, "change_message": "[{\"added\": {}}]"}}, {"model": "admin.logentry", "pk": 5, "fields": {"action_time": "2023-06-30T16:02:18.776Z", "user": 1, "content_type": 4, "object_id": "6", "object_repr": "monju", "action_flag": 2, "change_message": "[{\"changed\": {\"fields\": [\"First name\", \"Last name\", \"Email address\"]}}]"}}, {"model": "admin.logentry", "pk": 6, "fields": {"action_time": "2023-06-30T16:08:50.945Z", "user": 1, "content_type": 4, "object_id": "7", "object_repr": "sumilon", "action_flag": 1, "change_message": "[{\"added\": {}}]"}}, {"model": "admin.logentry", "pk": 7, "fields": {"action_time": "2023-06-30T16:09:21.684Z", "user": 1, "content_type": 4, "object_id": "7", "object_repr": "sumilon", "action_flag": 2, "change_message": "[{\"changed\": {\"fields\": [\"First name\", \"Last name\", \"Email address\"]}}]"}}, {"model": "admin.logentry", "pk": 8, "fields": {"action_time": "2023-06-30T16:09:36.739Z", "user": 1, "content_type": 9, "object_id": "6", "object_repr": "Sumilon Biswas", "action_flag": 1, "change_message": "[{\"added\": {}}]"}}, {"model": "admin.logentry", "pk": 9, "fields": {"action_time": "2023-07-03T11:13:52.813Z", "user": 1, "content_type": 4, "object_id": "8", "object_repr": "siddek", "action_flag": 1, "change_message": "[{\"added\": {}}]"}}, {"model": "admin.logentry", "pk": 10, "fields": {"action_time": "2023-07-03T11:14:22.090Z", "user": 1, "content_type": 4, "object_id": "8", "object_repr": "siddek", "action_flag": 2, "change_message": "[{\"changed\": {\"fields\": [\"First name\", \"Last name\", \"Email address\"]}}]"}}, {"model": "admin.logentry", "pk": 11, "fields": {"action_time": "2023-07-03T11:14:41.431Z", "user": 1, "content_type": 4, "object_id": "9", "object_repr": "jarry", "action_flag": 1, "change_message": "[{\"added\": {}}]"}}, {"model": "admin.logentry", "pk": 12, "fields": {"action_time": "2023-07-03T11:15:08.447Z", "user": 1, "content_type": 4, "object_id": "9", "object_repr": "jarry", "action_flag": 2, "change_message": "[{\"changed\": {\"fields\": [\"First name\", \"Last name\", \"Email address\"]}}]"}}, {"model": "admin.logentry", "pk": 13, "fields": {"action_time": "2023-07-03T11:15:30.630Z", "user": 1, "content_type": 9, "object_id": "7", "object_repr": "Abu Bokkor Siddek", "action_flag": 1, "change_message": "[{\"added\": {}}]"}}, {"model": "admin.logentry", "pk": 14, "fields": {"action_time": "2023-07-03T11:15:48.502Z", "user": 1, "content_type": 9, "object_id": "8", "object_repr": "Mr Jarry", "action_flag": 1, "change_message": "[{\"added\": {}}]"}}, {"model": "admin.logentry", "pk": 15, "fields": {"action_time": "2023-07-03T11:16:32.201Z", "user": 1, "content_type": 10, "object_id": "6", "object_repr": "Easy Math", "action_flag": 1, "change_message": "[{\"added\": {}}]"}}, {"model": "admin.logentry", "pk": 16, "fields": {"action_time": "2023-07-03T11:17:58.203Z", "user": 1, "content_type": 10, "object_id": "7", "object_repr": "Bangladesh Heritance", "action_flag": 1, "change_message": "[{\"added\": {}}]"}}, {"model": "admin.logentry", "pk": 17, "fields": {"action_time": "2023-07-04T07:21:44.520Z", "user": 1, "content_type": 7, "object_id": "1", "object_repr": "Md Rakib", "action_flag": 1, "change_message": "[{\"added\": {}}]"}}, {"model": "admin.logentry", "pk": 18, "fields": {"action_time": "2023-07-04T07:22:41.321Z", "user": 1, "content_type": 7, "object_id": "2", "object_repr": "Md Hassan", "action_flag": 1, "change_message": "[{\"added\": {}}]"}}, {"model": "admin.logentry", "pk": 19, "fields": {"action_time": "2023-07-04T07:24:02.052Z", "user": 1, "content_type": 7, "object_id": "3", "object_repr": "Ratul", "action_flag": 1, "change_message": "[{\"added\": {}}]"}}, {"model": "admin.logentry", "pk": 20, "fields": {"action_time": "2023-07-04T07:25:00.885Z", "user": 1, "content_type": 7, "object_id": "4", "object_repr": "Ovi", "action_flag": 1, "change_message": "[{\"added\": {}}]"}}, {"model": "admin.logentry", "pk": 21, "fields": {"action_time": "2023-07-04T07:26:09.991Z", "user": 1, "content_type": 7, "object_id": "5", "object_repr": "Siddek", "action_flag": 1, "change_message": "[{\"added\": {}}]"}}, {"model": "admin.logentry", "pk": 22, "fields": {"action_time": "2023-07-04T07:27:12.112Z", "user": 1, "content_type": 7, "object_id": "6", "object_repr": "Md Monzu", "action_flag": 1, "change_message": "[{\"added\": {}}]"}}, {"model": "admin.logentry", "pk": 23, "fields": {"action_time": "2023-07-04T07:27:37.150Z", "user": 1, "content_type": 8, "object_id": "1", "object_repr": "Md Nazmul Alam", "action_flag": 1, "change_message": "[{\"added\": {}}]"}}, {"model": "admin.logentry", "pk": 24, "fields": {"action_time": "2023-07-04T07:28:21.417Z", "user": 1, "content_type": 8, "object_id": "2", "object_repr": "Processor Dr. Saddikur Rahman", "action_flag": 1, "change_message": "[{\"added\": {}}]"}}, {"model": "admin.logentry", "pk": 25, "fields": {"action_time": "2023-07-04T07:28:40.061Z", "user": 1, "content_type": 8, "object_id": "3", "object_repr": "Md Hassan", "action_flag": 1, "change_message": "[{\"added\": {}}]"}}, {"model": "admin.logentry", "pk": 26, "fields": {"action_time": "2023-07-04T07:29:01.728Z", "user": 1, "content_type": 8, "object_id": "4", "object_repr": "Mr Rakib", "action_flag": 1, "change_message": "[{\"added\": {}}]"}}, {"model": "admin.logentry", "pk": 27, "fields": {"action_time": "2023-07-04T07:29:27.459Z", "user": 1, "content_type": 8, "object_id": "5", "object_repr": "Ishak", "action_flag": 1, "change_message": "[{\"added\": {}}]"}}, {"model": "auth.permission", "pk": 1, "fields": {"name": "Can add log entry", "content_type": 1, "codename": "add_logentry"}}, {"model": "auth.permission", "pk": 2, "fields": {"name": "Can change log entry", "content_type": 1, "codename": "change_logentry"}}, {"model": "auth.permission", "pk": 3, "fields": {"name": "Can delete log entry", "content_type": 1, "codename": "delete_logentry"}}, {"model": "auth.permission", "pk": 4, "fields": {"name": "Can view log entry", "content_type": 1, "codename": "view_logentry"}}, {"model": "auth.permission", "pk": 5, "fields": {"name": "Can add permission", "content_type": 2, "codename": "add_permission"}}, {"model": "auth.permission", "pk": 6, "fields": {"name": "Can change permission", "content_type": 2, "codename": "change_permission"}}, {"model": "auth.permission", "pk": 7, "fields": {"name": "Can delete permission", "content_type": 2, "codename": "delete_permission"}}, {"model": "auth.permission", "pk": 8, "fields": {"name": "Can view permission", "content_type": 2, "codename": "view_permission"}}, {"model": "auth.permission", "pk": 9, "fields": {"name": "Can add group", "content_type": 3, "codename": "add_group"}}, {"model": "auth.permission", "pk": 10, "fields": {"name": "Can change group", "content_type": 3, "codename": "change_group"}}, {"model": "auth.permission", "pk": 11, "fields": {"name": "Can delete group", "content_type": 3, "codename": "delete_group"}}, {"model": "auth.permission", "pk": 12, "fields": {"name": "Can view group", "content_type": 3, "codename": "view_group"}}, {"model": "auth.permission", "pk": 13, "fields": {"name": "Can add user", "content_type": 4, "codename": "add_user"}}, {"model": "auth.permission", "pk": 14, "fields": {"name": "Can change user", "content_type": 4, "codename": "change_user"}}, {"model": "auth.permission", "pk": 15, "fields": {"name": "Can delete user", "content_type": 4, "codename": "delete_user"}}, {"model": "auth.permission", "pk": 16, "fields": {"name": "Can view user", "content_type": 4, "codename": "view_user"}}, {"model": "auth.permission", "pk": 17, "fields": {"name": "Can add content type", "content_type": 5, "codename": "add_contenttype"}}, {"model": "auth.permission", "pk": 18, "fields": {"name": "Can change content type", "content_type": 5, "codename": "change_contenttype"}}, {"model": "auth.permission", "pk": 19, "fields": {"name": "Can delete content type", "content_type": 5, "codename": "delete_contenttype"}}, {"model": "auth.permission", "pk": 20, "fields": {"name": "Can view content type", "content_type": 5, "codename": "view_contenttype"}}, {"model": "auth.permission", "pk": 21, "fields": {"name": "Can add session", "content_type": 6, "codename": "add_session"}}, {"model": "auth.permission", "pk": 22, "fields": {"name": "Can change session", "content_type": 6, "codename": "change_session"}}, {"model": "auth.permission", "pk": 23, "fields": {"name": "Can delete session", "content_type": 6, "codename": "delete_session"}}, {"model": "auth.permission", "pk": 24, "fields": {"name": "Can view session", "content_type": 6, "codename": "view_session"}}, {"model": "auth.permission", "pk": 25, "fields": {"name": "Can add student", "content_type": 7, "codename": "add_student"}}, {"model": "auth.permission", "pk": 26, "fields": {"name": "Can change student", "content_type": 7, "codename": "change_student"}}, {"model": "auth.permission", "pk": 27, "fields": {"name": "Can delete student", "content_type": 7, "codename": "delete_student"}}, {"model": "auth.permission", "pk": 28, "fields": {"name": "Can view student", "content_type": 7, "codename": "view_student"}}, {"model": "auth.permission", "pk": 29, "fields": {"name": "Can add teacher", "content_type": 8, "codename": "add_teacher"}}, {"model": "auth.permission", "pk": 30, "fields": {"name": "Can change teacher", "content_type": 8, "codename": "change_teacher"}}, {"model": "auth.permission", "pk": 31, "fields": {"name": "Can delete teacher", "content_type": 8, "codename": "delete_teacher"}}, {"model": "auth.permission", "pk": 32, "fields": {"name": "Can view teacher", "content_type": 8, "codename": "view_teacher"}}, {"model": "auth.permission", "pk": 33, "fields": {"name": "Can add author", "content_type": 9, "codename": "add_author"}}, {"model": "auth.permission", "pk": 34, "fields": {"name": "Can change author", "content_type": 9, "codename": "change_author"}}, {"model": "auth.permission", "pk": 35, "fields": {"name": "Can delete author", "content_type": 9, "codename": "delete_author"}}, {"model": "auth.permission", "pk": 36, "fields": {"name": "Can view author", "content_type": 9, "codename": "view_author"}}, {"model": "auth.permission", "pk": 37, "fields": {"name": "Can add book", "content_type": 10, "codename": "add_book"}}, {"model": "auth.permission", "pk": 38, "fields": {"name": "Can change book", "content_type": 10, "codename": "change_book"}}, {"model": "auth.permission", "pk": 39, "fields": {"name": "Can delete book", "content_type": 10, "codename": "delete_book"}}, {"model": "auth.permission", "pk": 40, "fields": {"name": "Can view book", "content_type": 10, "codename": "view_book"}}, {"model": "auth.permission", "pk": 41, "fields": {"name": "Can add publisher", "content_type": 11, "codename": "add_publisher"}}, {"model": "auth.permission", "pk": 42, "fields": {"name": "Can change publisher", "content_type": 11, "codename": "change_publisher"}}, {"model": "auth.permission", "pk": 43, "fields": {"name": "Can delete publisher", "content_type": 11, "codename": "delete_publisher"}}, {"model": "auth.permission", "pk": 44, "fields": {"name": "Can view publisher", "content_type": 11, "codename": "view_publisher"}}, {"model": "auth.permission", "pk": 45, "fields": {"name": "Can add store", "content_type": 12, "codename": "add_store"}}, {"model": "auth.permission", "pk": 46, "fields": {"name": "Can change store", "content_type": 12, "codename": "change_store"}}, {"model": "auth.permission", "pk": 47, "fields": {"name": "Can delete store", "content_type": 12, "codename": "delete_store"}}, {"model": "auth.permission", "pk": 48, "fields": {"name": "Can view store", "content_type": 12, "codename": "view_store"}}, {"model": "auth.user", "pk": 1, "fields": {"password": "pbkdf2_sha256$600000$XAnNXfjBmVcqhUDuoMj9zm$VJA0GKXecU02gEoAiFJhDBfYtz6RPhQU8g2PC5jIFZs=", "last_login": "2023-07-02T16:32:12.901Z", "is_superuser": true, "username": "admin", "first_name": "", "last_name": "", "email": "admin@test.com", "is_staff": true, "is_active": true, "date_joined": "2023-06-30T09:28:18.525Z", "groups": [], "user_permissions": []}}, {"model": "auth.user", "pk": 2, "fields": {"password": "pbkdf2_sha256$600000$FW35jcPe5htsULy0YSpWU3$gZW67duNKR59KzIo8gZLVhuJ9JZ2+oCPRnOF8yahlJk=", "last_login": "2023-07-02T11:41:09.452Z", "is_superuser": false, "username": "rakib", "first_name": "Md", "last_name": "Rakib", "email": "rakib@gmail.com", "is_staff": false, "is_active": true, "date_joined": "2023-06-30T09:44:33Z", "groups": [], "user_permissions": []}}, {"model": "auth.user", "pk": 3, "fields": {"password": "pbkdf2_sha256$600000$aWaPs1x2oe8qD4Z5KUJNio$mB52LQaWeDHMv5cm3ft7N9AInWdZMb6JyuAemG20HtE=", "last_login": "2023-07-02T11:42:15.155Z", "is_superuser": false, "username": "hassan", "first_name": "Md", "last_name": "Hassan", "email": "hassan@gmail.com", "is_staff": false, "is_active": true, "date_joined": "2023-06-30T14:39:50.833Z", "groups": [], "user_permissions": []}}, {"model": "auth.user", "pk": 4, "fields": {"password": "pbkdf2_sha256$600000$mcwOF0X93E09cisZ2s2G7D$PF1+7HS8QbR02WmnOYIJT13YSCiKVBAY/ekmkKDSiRE=", "last_login": "2023-07-02T11:42:52.321Z", "is_superuser": false, "username": "rasel", "first_name": "Md", "last_name": "Rasel", "email": "rasel@gmail.com", "is_staff": false, "is_active": true, "date_joined": "2023-06-30T14:43:41.928Z", "groups": [], "user_permissions": []}}, {"model": "auth.user", "pk": 5, "fields": {"password": "pbkdf2_sha256$600000$xM3feJrH6R1QvWajdNlBoq$CJXkF9eT0Lwi0hW+uAvBz5BNdmmT90xWzNyBZGtMNfc=", "last_login": null, "is_superuser": false, "username": "rijon_a", "first_name": "Mr Rijon", "last_name": "Ahmed", "email": "rijon_a@gmail.com", "is_staff": false, "is_active": true, "date_joined": "2023-06-30T15:10:50.284Z", "groups": [], "user_permissions": []}}, {"model": "auth.user", "pk": 6, "fields": {"password": "pbkdf2_sha256$600000$LCDmzGLggxBxrZtSapDHw4$h39U1j+EJMcTqko67UWX69wEpeLBK4pNvV9+98jlb30=", "last_login": null, "is_superuser": false, "username": "monju", "first_name": "Mr", "last_name": "Monju", "email": "monju@gmail.com", "is_staff": false, "is_active": true, "date_joined": "2023-06-30T16:02:02Z", "groups": [], "user_permissions": []}}, {"model": "auth.user", "pk": 7, "fields": {"password": "pbkdf2_sha256$600000$DetvVWBObwGWhi4IAv39qt$H6HCTL6Kpi4Ms8qnEzUS0OZFKS0NsFcJc7PMspj+YTg=", "last_login": null, "is_superuser": false, "username": "sumilon", "first_name": "Sumilon", "last_name": "Biswas", "email": "sumilon@gmail.com", "is_staff": false, "is_active": true, "date_joined": "2023-06-30T16:08:50Z", "groups": [], "user_permissions": []}}, {"model": "auth.user", "pk": 8, "fields": {"password": "pbkdf2_sha256$600000$iunT9JVWV9ZEDIxL4piWGX$BsVIB9XjlqfN2T+pJl+0nVSvG1/mKq/NT/+pyF0WIug=", "last_login": null, "is_superuser": false, "username": "siddek", "first_name": "Abu Bokkor", "last_name": "Siddek", "email": "siddek@gmail.com", "is_staff": false, "is_active": true, "date_joined": "2023-07-03T11:13:52Z", "groups": [], "user_permissions": []}}, {"model": "auth.user", "pk": 9, "fields": {"password": "pbkdf2_sha256$600000$kfy5H7QDQOYiYsQofI1zwB$QdLG7e+NDYsXLhkTsBxLCjNe1QfrW7UO/Pm5/fXbEkE=", "last_login": null, "is_superuser": false, "username": "jarry", "first_name": "Mr", "last_name": "Jarry", "email": "jarry@gmail.com", "is_staff": false, "is_active": true, "date_joined": "2023-07-03T11:14:41Z", "groups": [], "user_permissions": []}}, {"model": "contenttypes.contenttype", "pk": 1, "fields": {"app_label": "admin", "model": "logentry"}}, {"model": "contenttypes.contenttype", "pk": 2, "fields": {"app_label": "auth", "model": "permission"}}, {"model": "contenttypes.contenttype", "pk": 3, "fields": {"app_label": "auth", "model": "group"}}, {"model": "contenttypes.contenttype", "pk": 4, "fields": {"app_label": "auth", "model": "user"}}, {"model": "contenttypes.contenttype", "pk": 5, "fields": {"app_label": "contenttypes", "model": "contenttype"}}, {"model": "contenttypes.contenttype", "pk": 6, "fields": {"app_label": "sessions", "model": "session"}}, {"model": "contenttypes.contenttype", "pk": 7, "fields": {"app_label": "app", "model": "student"}}, {"model": "contenttypes.contenttype", "pk": 8, "fields": {"app_label": "app", "model": "teacher"}}, {"model": "contenttypes.contenttype", "pk": 9, "fields": {"app_label": "FilterObj", "model": "author"}}, {"model": "contenttypes.contenttype", "pk": 10, "fields": {"app_label": "FilterObj", "model": "book"}}, {"model": "contenttypes.contenttype", "pk": 11, "fields": {"app_label": "FilterObj", "model": "publisher"}}, {"model": "contenttypes.contenttype", "pk": 12, "fields": {"app_label": "FilterObj", "model": "store"}}, {"model": "sessions.session", "pk": "7d167henhf9he7g51vu4paf2906lybwx", "fields": {"session_data": ".eJxVjDsOgzAQRO_iOrJYf9mU6TkDWnvtmCQyEoYqyt0DEkVSjTTvzbzFSNtaxq2lZZxYXAWIy28XKD5TPQA_qN5nGee6LlOQhyJP2uQwc3rdTvfvoFAr-7rH5MEqn9mgZqQ9OpUNRPKMrgseozIZGGxQiCZq3zkwEHpKGp224vMFzKI29g:1qFAYj:Ia_Yvk6NEw6Bu0Ub37hh889ogiDRLCzl7mJY-G1WxmY", "expire_date": "2023-07-14T09:36:57.920Z"}}, {"model": "sessions.session", "pk": "o7ra2dg5rna1at6d1n23ehwrglpl8sli", "fields": {"session_data": ".eJxVjDsOgzAQRO_iOrJYf9mU6TkDWnvtmCQyEoYqyt0DEkVSjTTvzbzFSNtaxq2lZZxYXAWIy28XKD5TPQA_qN5nGee6LlOQhyJP2uQwc3rdTvfvoFAr-7rH5MEqn9mgZqQ9OpUNRPKMrgseozIZGGxQiCZq3zkwEHpKGp224vMFzKI29g:1qFzzg:2fTBOTPw005JPFQcMHZj4DzNUZYIb6jB-hEN3wtSuA8", "expire_date": "2023-07-16T16:32:12.936Z"}}, {"model": "sessions.session", "pk": "rtr5ikt0rcsicai1bzqr24yi33q657ur", "fields": {"session_data": ".eJxVjDsOgzAQRO_iOrJYf9mU6TkDWnvtmCQyEoYqyt0DEkVSjTTvzbzFSNtaxq2lZZxYXAWIy28XKD5TPQA_qN5nGee6LlOQhyJP2uQwc3rdTvfvoFAr-7rH5MEqn9mgZqQ9OpUNRPKMrgseozIZGGxQiCZq3zkwEHpKGp224vMFzKI29g:1qFItz:eMjNtX9G03D5j6v1TRWTB98kUOwUPT4NwNO4mBcVzCk", "expire_date": "2023-07-14T18:31:27.669Z"}}, {"model": "app.student", "pk": 1, "fields": {"name": "Md Rakib", "student_class": "x", "gender": "Male", "roll": 1001, "picture": "Profile/Rakib.PNG", "email": "rakib@gmail.com", "waiver": true, "description": "I am Rakib.", "date_of_birth": "1995-10-20", "created_at": "2023-07-04"}}, {"model": "app.student", "pk": 2, "fields": {"name": "Md Hassan", "student_class": "ix", "gender": "Male", "roll": 1002, "picture": "Profile/Hassan.png", "email": "hassan@gmail.com", "waiver": true, "description": "I am Hassan", "date_of_birth": "1998-10-20", "created_at": "2023-07-04"}}, {"model": "app.student", "pk": 3, "fields": {"name": "Ratul", "student_class": "x", "gender": "Male", "roll": 1003, "picture": "Profile/Ratul.png", "email": "ratul@gmail.com", "waiver": false, "description": "I am Ratul.", "date_of_birth": "1996-05-21", "created_at": "2023-07-04"}}, {"model": "app.student", "pk": 4, "fields": {"name": "Ovi", "student_class": "x", "gender": "Male", "roll": 1004, "picture": "Profile/img_12.png", "email": "ovi@gmail.com", "waiver": true, "description": "I am Ovi.", "date_of_birth": "1995-10-21", "created_at": "2023-07-04"}}, {"model": "app.student", "pk": 5, "fields": {"name": "Siddek", "student_class": "viii", "gender": "Male", "roll": 1006, "picture": "Profile/img_11.png", "email": "siddek@gmail.com", "waiver": false, "description": "I am siddek.", "date_of_birth": "1997-11-03", "created_at": "2023-07-04"}}, {"model": "app.student", "pk": 6, "fields": {"name": "Md Monzu", "student_class": "vi", "gender": "Male", "roll": 1007, "picture": "Profile/img_11_ZRcv8va.png", "email": "monzu@gmail.com", "waiver": true, "description": "I am Monzu.", "date_of_birth": "2001-05-03", "created_at": "2023-07-04"}}, {"model": "app.teacher", "pk": 1, "fields": {"name": "Md Nazmul Alam", "age": 45, "salary": 60000, "experience": true}}, {"model": "app.teacher", "pk": 2, "fields": {"name": "Processor Dr. Saddikur Rahman", "age": 47, "salary": 100000, "experience": true}}, {"model": "app.teacher", "pk": 3, "fields": {"name": "Md Hassan", "age": 28, "salary": 21000, "experience": false}}, {"model": "app.teacher", "pk": 4, "fields": {"name": "Mr Rakib", "age": 28, "salary": 31000, "experience": true}}, {"model": "app.teacher", "pk": 5, "fields": {"name": "Ishak", "age": 38, "salary": 47000, "experience": true}}, {"model": "FilterObj.author", "pk": 1, "fields": {"user": 2, "phone": "01515612682", "age": 25}}, {"model": "FilterObj.author", "pk": 2, "fields": {"user": 3, "phone": "01932717449", "age": 28}}, {"model": "FilterObj.author", "pk": 3, "fields": {"user": 4, "phone": "019111111111", "age": 26}}, {"model": "FilterObj.author", "pk": 4, "fields": {"user": 5, "phone": "01922222222", "age": 16}}, {"model": "FilterObj.author", "pk": 5, "fields": {"user": 6, "phone": "018654561654", "age": 27}}, {"model": "FilterObj.author", "pk": 6, "fields": {"user": 7, "phone": "0194444232656", "age": 24}}, {"model": "FilterObj.author", "pk": 7, "fields": {"user": 8, "phone": "019365156121", "age": 26}}, {"model": "FilterObj.author", "pk": 8, "fields": {"user": 9, "phone": "016465454451", "age": 23}}, {"model": "FilterObj.publisher", "pk": 1, "fields": {"name": "Panjari Publication"}}, {"model": "FilterObj.publisher", "pk": 2, "fields": {"name": "Jupitar Publication"}}, {"model": "FilterObj.publisher", "pk": 3, "fields": {"name": "Nuton Publication"}}, {"model": "FilterObj.publisher", "pk": 4, "fields": {"name": "Khairul Publication"}}, {"model": "FilterObj.publisher", "pk": 5, "fields": {"name": "Mp3 Publication"}}, {"model": "FilterObj.book", "pk": 1, "fields": {"publisher": 2, "name": "Easy Python", "pages": 561, "price": "458.50", "rating": 7.5, "pubdate": "2023-02-26", "authors": [1, 2, 5]}}, {"model": "FilterObj.book", "pk": 2, "fields": {"publisher": 1, "name": "Python Learner", "pages": 451, "price": "410.75", "rating": 6.5, "pubdate": "2022-04-21", "authors": [5, 6]}}, {"model": "FilterObj.book", "pk": 3, "fields": {"publisher": 3, "name": "Django Easy Learn", "pages": 546, "price": "471.00", "rating": 6.7, "pubdate": "2023-06-30", "authors": [1, 2]}}, {"model": "FilterObj.book", "pk": 4, "fields": {"publisher": 4, "name": "Bank Math Easy Solution", "pages": 350, "price": "215.00", "rating": 4.5, "pubdate": "2021-06-30", "authors": [3, 4]}}, {"model": "FilterObj.book", "pk": 5, "fields": {"publisher": 5, "name": "Data Structure", "pages": 356, "price": "215.00", "rating": 4.5, "pubdate": "2020-09-10", "authors": [3, 5, 6]}}, {"model": "FilterObj.book", "pk": 6, "fields": {"publisher": 4, "name": "Easy Math", "pages": 458, "price": "256.00", "rating": 5.6, "pubdate": "2022-05-27", "authors": [8]}}, {"model": "FilterObj.book", "pk": 7, "fields": {"publisher": 5, "name": "Bangladesh Heritance", "pages": 560, "price": "459.00", "rating": 6.0, "pubdate": "2016-11-24", "authors": [7, 8]}}, {"model": "FilterObj.store", "pk": 1, "fields": {"name": "Nilkhet Store", "books": [1, 3, 5]}}, {"model": "FilterObj.store", "pk": 2, "fields": {"name": "Banglabazer Store", "books": [2, 3, 4]}}]